Workbook
Name Slicer_Customer_Type: #N/A
Name Slicer_Month: #N/A
Name Slicer_Region: #N/A
Name Slicer_Year: #N/A

Sheet Raw_Data
A1: Year | B1: Month | C1: Region | D1: Customer_Type | E1: Energy_kWh | F1: Peak_Load_kW | G1: Cost_EUR | H1: CO2_kg | I1: Renewable_Share_% | J1: Grid_Loss_% | K1: Outages_Count | L1: Customers_Count
A2: 2020 | B2: 1 | C2: Innenstadt | D2: Haushalte | E2: 5745.0712 | F2: 463.61266 | G2: 1814.2094 | H2: 1507.5495 | I2: 29.359671 | J2: 2.4065853 | K2: 1 | L2: 180
A3: 2020 | B3: 1 | C3: Innenstadt | D3: Gewerbe | E3: 4792.6035 | F3: 589.96731 | G3: 1798.1157 | H3: 2554.3477 | I3: 32.740347 | J3: 3.2727748 | K3: 0 | L3: 509
A4: 2020 | B4: 1 | C4: Innenstadt | D4: Industrie | E4: 5033.3327 | F4: 484.01312 | G4: 1144.9146 | H4: 2967.1608 | I4: 33.96628 | J4: 2.634245 | K4: 0 | L4: 1317
A5: 2020 | B5: 1 | C5: Innenstadt | D5: Öffentliche Einrichtungen | E5: 4358.3106 | F5: 377.19636 | G5: 991.21959 | H5: 1930.8098 | I5: 30.231447 | J5: 2.4553612 | K5: 2 | L5: 826
A6: 2020 | B6: 1 | C6: Neustadt | D6: Haushalte | E6: 6168.789 | F6: 529.05657 | G6: 2179.5021 | H6: 1661.5378 | I6: 43.463636 | J6: 3.2756526 | K6: 0 | L6: 1071
A7: 2020 | B7: 1 | C7: Neustadt | D7: Gewerbe | E7: 3348.3534 | F7: 301.09986 | G7: 1029.5304 | H7: 917.25389 | I7: 78.175078 | J7: 7.4259298 | K7: 1 | L7: 319
A8: 2020 | B8: 1 | C8: Neustadt | D8: Industrie | E8: 3639.2201 | F8: 318.59645 | G8: 1103.8973 | H8: 2127.0107 | I8: 70.672031 | J8: 7.2312408 | K8: 0 | L8: 841
A9: 2020 | B9: 1 | C9: Neustadt | D9: Öffentliche Einrichtungen | E9: 6782.9386 | F9: 668.89456 | G9: 1797.1363 | H9: 2829.0174 | I9: 28.455453 | J9: 7.6153789 | K9: 0 | L9: 570
A10: 2020 | B10: 1 | C10: Südstadt | D10: Haushalte | E10: 3984.617 | F10: 496.0228 | G10: 1396.504 | H10: 1923.5457 | I10: 63.74043 | J10: 7.3988924 | K10: 0 | L10: 280
A11: 2020 | B11: 1 | C11: Südstadt | D11: Gewerbe | E11: 5917.5144 | F11: 497.00023 | G11: 2168.1391 | H11: 3195.5491 | I11: 46.96704 | J11: 2.6678708 | K11: 0 | L11: 854
A12: 2020 | B12: 1 | C12: Südstadt | D12: Industrie | E12: 6218.7887 | F12: 466.76122 | G12: 1837.9903 | H12: 1541.2503 | I12: 62.794687 | J12: 7.3254953 | K12: 0 | L12: 816
A13: 2020 | B13: 1 | C13: Südstadt | D13: Öffentliche Einrichtungen | E13: 7034.36 | F13: 737.63189 | G13: 1593.0671 | H13: 3406.4955 | I13: 26.653449 | J13: 5.0753555 | K13: 0 | L13: 913
... A2401: 2024 | B2401: 12 | C2401: Dölau | D2401: Öffentliche Einrichtungen | E2401: 3545.478 | F2401: 266.30509 | G2401: 1208.3945 | H2401: 1555.6868 | I2401: 20.644339 | J2401: 8.1585665 | K2401: 0 | L2401: 919

Sheet Clean_Data
A1: Year | B1: Month | C1: Region | D1: Customer_Type | E1: Energy_kWh | F1: Peak_Load_kW | G1: Cost_EUR | H1: CO2_kg | I1: Renewable_Share_% | J1: Grid_Loss_% | K1: Outages_Count | L1: Customers_Count | M1: Date | N1: Cost_per_kWh | O1: CO2_per_kWh | P1: Energy_per_Customer
A2: 2020 | B2: 1 | C2: Innenstadt | D2: Haushalte | E2: 5745.0712 | F2: 463.61266 | G2: 1814.2094 | H2: 1507.5495 | I2: 29.359671 | J2: 2.4065853 | K2: 1 | L2: 180 | M2: =TEXT(DATE(EnergyData[[#This Row],[Year]],EnergyData[[#This Row],[Month]],1),"MMM YYYY") -> Jan 2020 | N2: =G2/E2 -> 0.31578536 | O2: =H2/E2 -> 0.26240746 | P2: =E2/L2 -> 31.917062
A3: 2020 | B3: 1 | C3: Innenstadt | D3: Gewerbe | E3: 4792.6035 | F3: 589.96731 | G3: 1798.1157 | H3: 2554.3477 | I3: 32.740347 | J3: 3.2727748 | K3: 0 | L3: 509 | M3: =TEXT(DATE(EnergyData[[#This Row],[Year]],EnergyData[[#This Row],[Month]],1),"MMM YYYY") -> Jan 2020 | N3: =G3/E3 -> 0.37518558 | O3: =H3/E3 -> 0.53297706 | P3: =E3/L3 -> 9.4157241
A4: 2020 | B4: 1 | C4: Innenstadt | D4: Industrie | E4: 5033.3327 | F4: 484.01312 | G4: 1144.9146 | H4: 2967.1608 | I4: 33.96628 | J4: 2.634245 | K4: 0 | L4: 1317 | M4: =TEXT(DATE(EnergyData[[#This Row],[Year]],EnergyData[[#This Row],[Month]],1),"MMM YYYY") -> Jan 2020 | N4: =G4/E4 -> 0.22746651 | O4: =H4/E4 -> 0.58950221 | P4: =E4/L4 -> 3.8218168
A5: 2020 | B5: 1 | C5: Innenstadt | D5: Öffentliche Einrichtungen | E5: 4358.3106 | F5: 377.19636 | G5: 991.21959 | H5: 1930.8098 | I5: 30.231447 | J5: 2.4553612 | K5: 2 | L5: 826 | M5: =TEXT(DATE(EnergyData[[#This Row],[Year]],EnergyData[[#This Row],[Month]],1),"MMM YYYY") -> Jan 2020 | N5: =G5/E5 -> 0.22743207 | O5: =H5/E5 -> 0.44301794 | P5: =E5/L5 -> 5.2764051
A6: 2020 | B6: 1 | C6: Neustadt | D6: Haushalte | E6: 6168.789 | F6: 529.05657 | G6: 2179.5021 | H6: 1661.5378 | I6: 43.463636 | J6: 3.2756526 | K6: 0 | L6: 1071 | M6: =TEXT(DATE(EnergyData[[#This Row],[Year]],EnergyData[[#This Row],[Month]],1),"MMM YYYY") -> Jan 2020 | N6: =G6/E6 -> 0.35331119 | O6: =H6/E6 -> 0.26934586 | P6: =E6/L6 -> 5.7598403
A7: 2020 | B7: 1 | C7: Neustadt | D7: Gewerbe | E7: 3348.3534 | F7: 301.09986 | G7: 1029.5304 | H7: 917.25389 | I7: 78.175078 | J7: 7.4259298 | K7: 1 | L7: 319 | M7: =TEXT(DATE(EnergyData[[#This Row],[Year]],EnergyData[[#This Row],[Month]],1),"MMM YYYY") -> Jan 2020 | N7: =G7/E7 -> 0.30747364 | O7: =H7/E7 -> 0.27394178 | P7: =E7/L7 -> 10.496406
A8: 2020 | B8: 1 | C8: Neustadt | D8: Industrie | E8: 3639.2201 | F8: 318.59645 | G8: 1103.8973 | H8: 2127.0107 | I8: 70.672031 | J8: 7.2312408 | K8: 0 | L8: 841 | M8: =TEXT(DATE(EnergyData[[#This Row],[Year]],EnergyData[[#This Row],[Month]],1),"MMM YYYY") -> Jan 2020 | N8: =G8/E8 -> 0.30333348 | O8: =H8/E8 -> 0.58446881 | P8: =E8/L8 -> 4.3272534
A9: 2020 | B9: 1 | C9: Neustadt | D9: Öffentliche Einrichtungen | E9: 6782.9386 | F9: 668.89456 | G9: 1797.1363 | H9: 2829.0174 | I9: 28.455453 | J9: 7.6153789 | K9: 0 | L9: 570 | M9: =TEXT(DATE(EnergyData[[#This Row],[Year]],EnergyData[[#This Row],[Month]],1),"MMM YYYY") -> Jan 2020 | N9: =G9/E9 -> 0.26494952 | O9: =H9/E9 -> 0.41707843 | P9: =E9/L9 -> 11.899892
A10: 2020 | B10: 1 | C10: Südstadt | D10: Haushalte | E10: 3984.617 | F10: 496.0228 | G10: 1396.504 | H10: 1923.5457 | I10: 63.74043 | J10: 7.3988924 | K10: 0 | L10: 280 | M10: =TEXT(DATE(EnergyData[[#This Row],[Year]],EnergyData[[#This Row],[Month]],1),"MMM YYYY") -> Jan 2020 | N10: =G10/E10 -> 0.35047383 | O10: =H10/E10 -> 0.48274294 | P10: =E10/L10 -> 14.230775
A11: 2020 | B11: 1 | C11: Südstadt | D11: Gewerbe | E11: 5917.5144 | F11: 497.00023 | G11: 2168.1391 | H11: 3195.5491 | I11: 46.96704 | J11: 2.6678708 | K11: 0 | L11: 854 | M11: =TEXT(DATE(EnergyData[[#This Row],[Year]],EnergyData[[#This Row],[Month]],1),"MMM YYYY") -> Jan 2020 | N11: =G11/E11 -> 0.36639355 | O11: =H11/E11 -> 0.54001543 | P11: =E11/L11 -> 6.9291738
A12: 2020 | B12: 1 | C12: Südstadt | D12: Industrie | E12: 6218.7887 | F12: 466.76122 | G12: 1837.9903 | H12: 1541.2503 | I12: 62.794687 | J12: 7.3254953 | K12: 0 | L12: 816 | M12: =TEXT(DATE(EnergyData[[#This Row],[Year]],EnergyData[[#This Row],[Month]],1),"MMM YYYY") -> Jan 2020 | N12: =G12/E12 -> 0.29555439 | O12: =H12/E12 -> 0.2478377 | P12: =E12/L12 -> 7.6210646
A13: 2020 | B13: 1 | C13: Südstadt | D13: Öffentliche Einrichtungen | E13: 7034.36 | F13: 737.63189 | G13: 1593.0671 | H13: 3406.4955 | I13: 26.653449 | J13: 5.0753555 | K13: 0 | L13: 913 | M13: =TEXT(DATE(EnergyData[[#This Row],[Year]],EnergyData[[#This Row],[Month]],1),"MMM YYYY") -> Jan 2020 | N13: =G13/E13 -> 0.22646937 | O13: =H13/E13 -> 0.48426516 | P13: =E13/L13 -> 7.704666
... A2401: 2024 | B2401: 12 | C2401: Dölau | D2401: Öffentliche Einrichtungen | E2401: 3545.478 | F2401: 266.30509 | G2401: 1208.3945 | H2401: 1555.6868 | I2401: 20.644339 | J2401: 8.1585665 | K2401: 0 | L2401: 919 | M2401: =TEXT(DATE(EnergyData[[#This Row],[Year]],EnergyData[[#This Row],[Month]],1),"MMM YYYY") -> Dec 2024 | N2401: =G2401/E2401 -> 0.34082697 | O2401: =H2401/E2401 -> 0.43878056 | P2401: =E2401/L2401 -> 3.8579738

Sheet Pivot_Analysis
A1: Row Labels | B1: Sum of Energy_kWh | L1: Sum of Energy_kWh | M1: Region | AK1: Row Labels | AL1: Sum of Energy_kWh | AM1: Sum of Cost_EUR | AO1: Year | AP1: (All) | AZ1: Row Labels | BA1: Average of Renewable_Share_% | BB1: Average of Grid_Loss_% | BD1: Row Labels | BE1: Sum of Outages_Count | BF1: Sum of Outages_Count2
A2: Apr 2020 | B2: 187870.09 | L2: Year | M2: Dölau | N2: Frohe Zukunft | O2: Giebichenstein | P2: Heide-Nord | Q2: Innenstadt | R2: Kröllwitz | S2: Neustadt | T2: Silberhöhe | U2: Südstadt | V2: Trotha | W2: Grand Total | AK2: Gewerbe | AL2: 3026444.3 | AM2: 907566.32 | AZ2: 2020 | BA2: 50.826085 | BB2: 5.4945056 | BD2: Heide-Nord | BE2: 43 | BF2: 0.12215909
A3: Apr 2021 | B3: 214595.17 | L3: 2020 | M3: 225315.99 | N3: 247809.09 | O3: 234561.84 | P3: 249823.14 | Q3: 248243.97 | R3: 231073.2 | S3: 238992.71 | T3: 251680.04 | U3: 232798.04 | V3: 222916.24 | W3: 2383214.3 | AK3: Haushalte | AL3: 2942523 | AM3: 891138.04 | AO3: Row Labels | AP3: Average of Peak_Load_kW | AZ3: 2021 | BA3: 49.97378 | BB3: 5.3984475 | BD3: Innenstadt | BE3: 40 | BF3: 0.11363636
A4: Apr 2022 | B4: 201903.08 | L4: 2021 | M4: 239055.59 | N4: 249171.38 | O4: 242063.92 | P4: 236207.38 | Q4: 237354.71 | R4: 229579.71 | S4: 249519.74 | T4: 265576.17 | U4: 229707.06 | V4: 236470.69 | W4: 2414706.3 | AK4: Industrie | AL4: 3006880.1 | AM4: 906416.85 | AO4: Apr 2020 | AP4: 462.7061 | AZ4: 2022 | BA4: 49.471857 | BB4: 5.3784023 | BD4: Giebichenstein | BE4: 39 | BF4: 0.11079545
A5: Apr 2023 | B5: 201830.49 | L5: 2022 | M5: 229640.83 | N5: 220231.96 | O5: 226117.35 | P5: 224288.96 | Q5: 247335.21 | R5: 242287.54 | S5: 243644.9 | T5: 227158.77 | U5: 250649.21 | V5: 249024.52 | W5: 2360379.2 | AK5: Öffentliche Einrichtungen | AL5: 2903614.8 | AM5: 875559.08 | AO5: Apr 2021 | AP5: 514.74043 | AZ5: 2023 | BA5: 49.951088 | BB5: 5.5024546 | BD5: Frohe Zukunft | BE5: 37 | BF5: 0.10511364
A6: Apr 2024 | B6: 190499.66 | L6: 2023 | M6: 239293.8 | N6: 255327.51 | O6: 244803.33 | P6: 236587.99 | Q6: 233037.72 | R6: 250019.03 | S6: 224417.94 | T6: 211471.96 | U6: 239397.41 | V6: 237186.46 | W6: 2371543.1 | AK6: Grand Total | AL6: 11879462 | AM6: 3580680.3 | AO6: Apr 2022 | AP6: 490.4979 | AZ6: 2024 | BA6: 49.863797 | BB6: 5.4506479 | BD6: Silberhöhe | BE6: 36 | BF6: 0.10227273
A7: Aug 2020 | B7: 193194.77 | L7: 2024 | M7: 252613.49 | N7: 235778.7 | O7: 232784.62 | P7: 249740.25 | Q7: 232017.74 | R7: 242297.2 | S7: 228176.18 | T7: 216859.17 | U7: 241030.2 | V7: 218321.57 | W7: 2349619.1 | AO7: Apr 2023 | AP7: 485.3533 | AZ7: Grand Total | BA7: 50.017322 | BB7: 5.4448916 | BD7: Neustadt | BE7: 35 | BF7: 0.099431818
A8: Aug 2021 | B8: 212565.31 | L8: Grand Total | M8: 1185919.7 | N8: 1208318.6 | O8: 1180331.1 | P8: 1196647.7 | Q8: 1197989.3 | R8: 1195256.7 | S8: 1184751.5 | T8: 1172746.1 | U8: 1193581.9 | V8: 1163919.5 | W8: 11879462 | AO8: Apr 2024 | AP8: 421.78364 | BD8: Trotha | BE8: 33 | BF8: 0.09375
A9: Aug 2022 | B9: 196521.35 | AO9: Aug 2020 | AP9: 445.35744 | BD9: Dölau | BE9: 30 | BF9: 0.085227273
A10: Aug 2023 | B10: 201691.83 | AO10: Aug 2021 | AP10: 475.02285 | BD10: Kröllwitz | BE10: 30 | BF10: 0.085227273
A11: Aug 2024 | B11: 195250.89 | X11: Sum of Cost_EUR | Y11: Region | AO11: Aug 2022 | AP11: 449.41304 | BD11: Südstadt | BE11: 29 | BF11: 0.082386364
A12: Dec 2020 | B12: 181696.68 | X12: Year | Y12: Dölau | Z12: Frohe Zukunft | AA12: Giebichenstein | AB12: Heide-Nord | AC12: Innenstadt | AD12: Kröllwitz | AE12: Neustadt | AF12: Silberhöhe | AG12: Südstadt | AH12: Trotha | AI12: Grand Total | AO12: Aug 2023 | AP12: 492.90798 | BD12: Grand Total | BE12: 352 | BF12: 1
A13: Dec 2021 | B13: 204174.92 | X13: 2020 | Y13: 66778.998 | Z13: 77133.975 | AA13: 70790.261 | AB13: 73687.921 | AC13: 76202.286 | AD13: 66691.408 | AE13: 70958.858 | AF13: 74423.832 | AG13: 68604.641 | AH13: 68366.169 | AI13: 713638.35 | AO13: Aug 2024 | AP13: 487.49101
A14: Dec 2022 | B14: 182754.21 | X14: 2021 | Y14: 71376.241 | Z14: 74810.763 | AA14: 71245.602 | AB14: 69148.895 | AC14: 70228.582 | AD14: 67800.611 | AE14: 75897.825 | AF14: 80602.601 | AG14: 72502.017 | AH14: 69025.901 | AI14: 722639.04 | AO14: Dec 2020 | AP14: 402.17055
A15: Dec 2023 | B15: 210374.01 | X15: 2022 | Y15: 67495.421 | Z15: 66446.968 | AA15: 71348.322 | AB15: 68981.202 | AC15: 77013.847 | AD15: 70941.273 | AE15: 75154.891 | AF15: 69823.454 | AG15: 74411.492 | AH15: 76115.785 | AI15: 717732.66 | AO15: Dec 2021 | AP15: 454.60694
A16: Dec 2024 | B16: 203399.97 | X16: 2023 | Y16: 76841.105 | Z16: 76780.699 | AA16: 73405.03 | AB16: 70029.892 | AC16: 69996.919 | AD16: 76362.845 | AE16: 68898.247 | AF16: 64050.505 | AG16: 70475.185 | AH16: 71226.194 | AI16: 718066.62 | AO16: Dec 2022 | AP16: 415.52254
A17: Feb 2020 | B17: 212005.16 | X17: 2024 | Y17: 76984.251 | Z17: 71275.284 | AA17: 71134.68 | AB17: 75576.384 | AC17: 71660.424 | AD17: 70529.117 | AE17: 69855.971 | AF17: 63072.264 | AG17: 73754.238 | AH17: 64761.012 | AI17: 708603.63 | AO17: Dec 2023 | AP17: 480.96392
A18: Feb 2021 | B18: 190375.93 | X18: Grand Total | Y18: 359476.02 | Z18: 366447.69 | AA18: 357923.9 | AB18: 357424.29 | AC18: 365102.06 | AD18: 352325.25 | AE18: 360765.79 | AF18: 351972.66 | AG18: 359747.57 | AH18: 349495.06 | AI18: 3580680.3 | AO18: Dec 2024 | AP18: 459.00958
A19: Feb 2022 | B19: 197751.89 | AO19: Feb 2020 | AP19: 495.16379
A20: Feb 2023 | B20: 212100.42 | AO20: Feb 2021 | AP20: 447.01837
A21: Feb 2024 | B21: 196055.55 | AO21: Feb 2022 | AP21: 473.29333
A22: Jan 2020 | B22: 200854.17 | AO22: Feb 2023 | AP22: 509.15448
A23: Jan 2021 | B23: 187581.94 | AO23: Feb 2024 | AP23: 485.68754
A24: Jan 2022 | B24: 193411.23 | AO24: Jan 2020 | AP24: 464.86842
A25: Jan 2023 | B25: 180377.12 | AO25: Jan 2021 | AP25: 434.62041
A26: Jan 2024 | B26: 199700.59 | AO26: Jan 2022 | AP26: 436.14274
A27: Jul 2020 | B27: 202669.99 | AO27: Jan 2023 | AP27: 421.5786
A28: Jul 2021 | B28: 194301.04 | AO28: Jan 2024 | AP28: 487.894
A29: Jul 2022 | B29: 203504.69 | AO29: Jul 2020 | AP29: 482.01805
A30: Jul 2023 | B30: 177955.19 | AO30: Jul 2021 | AP30: 460.4566
... A62: Grand Total | B62: 11879462 | AO62: Sep 2023 | AP62: 444.9812
AO63: Sep 2024 | AP63: 446.33451
AO64: Grand Total | AP64: 463.77686

Sheet Dashboard
A1: Stadtwerke Halle - Energy Usage & Efficiency Dashboard
I4: Total Cost(€) | M4: Avg Cost per kWh (€) | O4: Avg Renewable Share (%) | Q4: Outages | S4: Total Co2 | U4: Total Customers | X4: Average Grid Loss (%)
U5: =SUM(Clean_Data!L:L) -> 1886737
B6: =SUM(Clean_Data!E:E)/1000 -> 11879.462 | I6: =SUM(Clean_Data!G:G) -> 3580680.3 | M6: =AVERAGE(Clean_Data!N:N) -> 0.30151353 | O6: =AVERAGE(Clean_Data!I:I) -> 50.017322 | Q6: =SUM(Clean_Data!K:K) -> 352 | S6: =SUM(Clean_Data!H:H)/1000 -> 4779.4215 | X6: =AVERAGE(Clean_Data!J:J) -> 5.4448916
R64: c

Sheet About_this_project
